insert into qualite (bonus_qualite, couleur, nom) values (0,'grey','Commun'),(1,'#00FFFFFF','Rare'),(2,'#FF69B4FF','Epique'),(3,'#FFA500FF','Légendaire');
insert into type_arme (activation_critique, multiplicateur_critique, valeur_de_max, nombre_des, nom) values (18,3,4,1,'dague'),(20,2,6,1,'baton'),(20,3,8,1,'lance'),(19,2,8,1,'arbaleteLegere'),(19,2,6,1,'epeeCourte'),(20,3,8,1,'hache'),(19,2,8,1,'epeeLongue'),(20,3,8,1,'marteauGuerre'),(20,3,8,1,'arc');
insert into type_armure (bonus_type,nom) values (0,'Rembourré'),(1,'Cuir'),(2,'Cuir Clouté'),(3,'Chemise Chaîne'),(4,'Pectoral'),(5,'Cotte De Mailles');
insert into type_accessoire (nom, bonus_type) values ('collierRouge','attaque'),('collierBleu','defense'),('collierJaune','vitesse'),('collierOrange','endurance');
insert into item(qualite_id,type_arme_id,discriminateur,nom,description,chemin_image) values (2,7,'Arme','Epee longue du droit','Une épée en fer froid',''),(1,3,'Arme','Le manteau de la nuit','Une armure en cuir obscure comme la nuit.',''),(4,8,'Arme','Tonnerre','Un marteau légendaire frappe comme la foudre',''),(2,9,'Arme','arcLong','Un arc créer pour tuer les humains','');
insert into item(qualite_id,type_armure_id,discriminateur,nom,description,chemin_image) values (2,6,'Armure','Cotte de mailles en adamantine','Cotte de mailles plus lourde mais aussi plus solide.',''),(3,2,'Armure','Le manteau de la nuit','Une armure en cuir obscure comme la nuit.',''),(1,2,'Armure','Armure du gobelin','Armure en cuir rudimentaire.',''),(1,2,'Armure','Armure du gobelin','Armure en cuir rudimentaire.','')
insert into item(qualite_id,type_accessoire_id,discriminateur,nom,description,chemin_image) values (1,2,'accessoire','Anneau en diamant','Anneau qui coute chère.',''),(2,1,'accessoire','Collier draconique','Lheritage du dieu dragon',''),(3,3,'accessoire','Anneau du roi Gobelin','Legendaire anneau du Gobelin.','')